MODEL YEAR,DIVISION,CARLINE,ENG DISPL,# CYL,CITY FE,HWY FE,COMB FE
2016,BENTLEY,CONTINENTAL GT CONVERTIBLE,4.0,8,14,24,17
2016,BENTLEY,CONTINENTAL GT CONVERTIBLE,6.0,12,12,20,15
2016,BMW,228I,2.0,4,23,35,27
2016,BMW,228I,2.0,4,22,34,26
2016,ALFA ROMEO,4C,1.8,4,24,34,28
2016,CHEVROLET,SONIC,1.8,4,24,35,28
2016,CHEVROLET,SONIC,1.8,4,26,35,30
2016,CHEVROLET,SONIC RS,1.4,4,25,33,28
2016,CHEVROLET,SONIC RS,1.4,4,27,34,30
2016,SUBARU,IMPREZA SPORT,2.0,4,24,33,28
2016,SUBARU,IMPREZA WAGON,2.0,4,28,37,31
2016,SUBARU,IMPREZA WAGON,2.0,4,25,34,28
2016,VOLKSWAGEN,GOLF SPORTWAGEN,1.8,4,25,35,29
2016,VOLKSWAGEN,GOLF SPORTWAGEN,1.8,4,25,36,29
2016,VOLVO,V60 AWD,2.0,4,22,31,25
2016,VOLVO,V60 AWD,2.5,5,20,29,23
2016,VOLVO,V60 AWD,3.0,6,18,27,21
2016,VOLVO,V60 FWD,2.0,4,25,37,29
2016,VOLVO,V60 POLESTAR AWD,3.0,6,18,27,21
2016,VOLVO,V60CC AWD,2.5,5,20,28,23
2016,MERCEDES-BENZ,AMG E 63 S 4MATIC (STAT. WAGON),5.5,8,15,21,18
2016,MERCEDES-BENZ,AMG GLA 45 4MATIC,2.0,4,22,29,25
2016,MERCEDES-BENZ,E 350 4MATIC (WAGON),3.5,6,20,27,22
2016,MERCEDES-BENZ,GLA 250,2.0,4,25,35,29
2016,NISSAN,MURANO AWD,3.5,6,21,28,24
2016,NISSAN,MURANO FWD,3.5,6,21,28,24
2016,NISSAN,MURANO HYBRID AWD,2.5,4,26,30,28
2016,NISSAN,MURANO HYBRID FWD,2.5,4,28,31,29
2016,TOYOTA,PRIUS V,1.8,4,44,40,42
2016,CHEVROLET,COLORADO 2WD,2.5,4,20,27,22
2016,CHEVROLET,COLORADO 2WD,2.5,4,19,26,22
2016,CHEVROLET,COLORADO 2WD,2.8,4,22,31,25
2016,CHEVROLET,COLORADO 2WD,3.6,6,18,26,21
2016,BMW,228I CONVERTIBLE,2.0,4,23,34,27
2016,BMW,228I XDRIVE,2.0,4,23,35,27
2016,BMW,535I XDRIVE,3.0,6,20,29,23
2016,FORD,FIESTA ST FWD,1.6,4,26,33,29
2016,ASTON MARTIN LAGONDA LTD,V12 VANTAGE S,6.0,12,12,18,14
2016,NISSAN,ALTIMA SR,2.5,4,26,37,30
2016,FORD,FOCUS FWD,1.0,3,28,40,32
2016,FORD,FOCUS FWD,1.0,3,30,42,35
2016,GMC,CANYON 2WD,2.5,4,20,27,22
2016,GMC,CANYON 2WD,2.5,4,19,26,22
2016,GMC,CANYON 2WD,2.8,4,22,31,25
2016,CHEVROLET,EQUINOX FWD,2.4,4,22,32,26
2016,BMW,550I,4.4,8,17,25,20
2016,BMW,550I XDRIVE,4.4,8,16,25,19
2016,CHEVROLET,EQUINOX FWD,2.4,4,22,32,26
2016,CHEVROLET,EQUINOX FWD,3.6,6,17,24,20
2016,ASTON MARTIN LAGONDA LTD,V8 VANTAGE,4.7,8,14,21,16
2016,ASTON MARTIN LAGONDA LTD,V8 VANTAGE,4.7,8,13,19,15
2016,ASTON MARTIN LAGONDA LTD,V8 VANTAGE S,4.7,8,14,21,16
2016,ASTON MARTIN LAGONDA LTD,V8 VANTAGE S,4.7,8,13,19,15
2016,ASTON MARTIN LAGONDA LTD,VANTAGE GT,4.7,8,14,21,16
2016,NISSAN,MAXIMA,3.5,6,22,30,25
2016,NISSAN,SENTRA,1.8,4,29,38,32
2016,BMW,228I XDRIVE CONVERTIBLE,2.0,4,22,34,26
2016,FORD,FOCUS FWD,2.0,4,27,40,31
2016,GMC,CANYON 2WD,3.6,6,18,26,21
2016,NISSAN,FRONTIER 2WD,2.5,4,17,23,19
2016,NISSAN,FRONTIER 2WD,2.5,4,19,23,21
2016,NISSAN,FRONTIER 2WD,4.0,6,16,22,18
2016,FORD,FOCUS FWD,2.0,4,26,38,30
2016,ASTON MARTIN LAGONDA LTD,VANTAGE GT,4.7,8,13,19,15
2016,AUDI,TT ROADSTER QUATTRO,2.0,4,23,30,26
2016,BMW,M4 GTS,3.0,6,16,23,19
2016,BMW,Z4 SDRIVE28I,2.0,4,22,33,26
2016,BMW,ACTIVEHYBRID 5,3.0,6,23,30,26
2016,BMW,M5,4.4,8,14,20,16
2016,BMW,M5,4.4,8,15,22,17
2016,BUICK,LACROSSE,2.4,4,25,36,29
2016,CHEVROLET,TRAX,1.4,4,26,34,29
2016,DODGE,JOURNEY,2.4,4,19,26,21
2016,DODGE,JOURNEY,3.6,6,17,25,19
2016,FIAT,500X,1.4,4,25,34,28
2016,FIAT,500X,2.4,4,22,31,25
2016,FORD,EDGE FWD,2.0,4,20,30,24
2016,FORD,EDGE FWD,2.0,4,21,30,24
2016,FORD,EDGE FWD,3.5,6,18,26,21
2016,FORD,ESCAPE FWD,1.6,4,23,32,26
2016,FORD,ESCAPE FWD,2.0,4,22,30,25
2016,NISSAN,SENTRA,1.8,4,27,36,30
2016,NISSAN,SENTRA FE+,1.8,4,30,40,34
2016,BMW,428I CONVERTIBLE,2.0,4,23,34,27
2016,BMW,428I XDRIVE CONVERTIBLE,2.0,4,21,33,25
2016,BMW,Z4 SDRIVE28I,2.0,4,22,34,26
2016,BUICK,LACROSSE,3.6,6,18,28,22
2016,FORD,FOCUS FWD,2.0,4,26,36,30
2016,NISSAN,FRONTIER 2WD,4.0,6,17,22,19
2016,TOYOTA,TACOMA 2WD,2.7,4,19,23,21
2016,BMW,Z4 SDRIVE35I,3.0,6,17,24,20
2016,BMW,Z4 SDRIVE35IS,3.0,6,17,24,20
2016,CHEVROLET,CORVETTE,6.2,8,13,23,16
2016,FORD,ESCAPE FWD,2.5,4,22,31,25
2016,GMC,TERRAIN FWD,2.4,4,22,32,26
2016,BMW,435I CONVERTIBLE,3.0,6,20,31,24
2016,ROLLS-ROYCE MOTOR CARS LIMITED,WRAITH,6.6,12,13,21,15
2016,BUICK,LACROSSE,3.6,6,18,28,21
2016,FORD,FOCUS FWD FFV,2.0,4,27,40,31
2016,FORD,FOCUS FWD FFV,2.0,4,26,38,30
2016,FORD,FOCUS FWD FFV,2.0,4,26,36,30
2016,HONDA,CIVIC 2DR,1.5,4,31,41,35
2016,HONDA,CIVIC 2DR,2.0,4,30,41,34
2016,HONDA,CIVIC 2DR,2.0,4,26,38,31
2016,HYUNDAI MOTOR COMPANY,ACCENT,1.6,4,26,37,30
2016,HYUNDAI MOTOR COMPANY,ACCENT,1.6,4,27,38,31
2016,SCION,IM,1.8,4,28,37,32
2016,TOYOTA,TACOMA 2WD,3.5,6,19,24,21
2016,CHEVROLET,COLORADO 4WD,2.5,4,19,25,21
2016,CHEVROLET,COLORADO 4WD,2.8,4,20,29,23
2016,CHEVROLET,COLORADO 4WD,3.6,6,17,24,20
2016,GMC,CANYON 4WD,2.5,4,19,25,21
2016,GMC,CANYON 4WD,2.8,4,20,29,23
2016,GMC,CANYON 4WD,3.6,6,17,24,20
2016,NISSAN,FRONTIER 4WD,4.0,6,15,21,17
2016,CHEVROLET,CORVETTE,6.2,8,16,29,20
2016,CHEVROLET,CORVETTE,6.2,8,15,22,18
2016,CHEVROLET,CORVETTE,6.2,8,17,29,21
2016,BMW,435I XDRIVE CONVERTIBLE,3.0,6,20,29,23
2016,GMC,TERRAIN FWD,2.4,4,22,32,26
2016,BUICK,LACROSSE AWD,3.6,6,17,26,20
2016,BUICK,REGAL,2.0,4,21,30,24
2016,BUICK,REGAL,2.0,4,20,31,24
2016,BUICK,REGAL,2.4,4,25,36,29
2016,HYUNDAI MOTOR COMPANY,VELOSTER,1.6,4,27,33,29
2016,HYUNDAI MOTOR COMPANY,VELOSTER,1.6,4,28,36,31
2016,HYUNDAI MOTOR COMPANY,VELOSTER,1.6,4,25,33,28
2016,SCION,IM,1.8,4,27,36,31
2016,SUBARU,LEGACY,2.5,4,26,36,30
2016,SUBARU,LEGACY,3.6,6,20,29,23
2016,TOYOTA,AVALON,3.5,6,21,31,24
2016,TOYOTA,AVALON HYBRID,2.5,4,40,39,40
2016,TOYOTA,CAMRY,2.5,4,25,35,28
2016,TOYOTA,CAMRY,3.5,6,21,31,25
2016,TOYOTA,CAMRY HYBRID LE,2.5,4,43,39,41
2016,HYUNDAI MOTOR COMPANY,VELOSTER,1.6,4,27,35,30
2016,NISSAN,FRONTIER 4WD,4.0,6,16,21,18
2016,DODGE,VIPER SRT,8.4,10,12,21,15
2016,BMW,640I CONVERTIBLE,3.0,6,20,31,24
2016,GMC,TERRAIN FWD,3.6,6,17,24,20
2016,HONDA,CR-V 2WD,2.4,4,26,33,29
2016,HONDA,HR-V 2WD,1.8,4,28,35,31
2016,HONDA,HR-V 2WD,1.8,4,28,35,31
2016,HONDA,HR-V 2WD,1.8,4,25,34,28
2016,BUICK,REGAL,2.4,4,19,31,23
2016,BUICK,REGAL AWD,2.0,4,19,27,22
2016,CADILLAC,CTS SEDAN,2.0,4,21,31,25
2016,CADILLAC,CTS SEDAN,3.6,6,20,30,24
2016,CADILLAC,CTS SEDAN,3.6,6,16,24,19
2016,CADILLAC,CTS SEDAN AWD,2.0,4,21,29,24
2016,CADILLAC,CTS SEDAN AWD,3.6,6,19,28,22
2016,CADILLAC,CTS-V,6.2,8,14,21,17
2016,CHEVROLET,CRUZE LIMITED,1.4,4,26,38,30
2016,CHEVROLET,CRUZE LIMITED,1.4,4,26,38,30
2016,CHEVROLET,CRUZE LIMITED,1.8,4,22,35,27
2016,CHEVROLET,CRUZE LIMITED,1.8,4,25,36,29
2016,CHEVROLET,CRUZE LIMITED ECO,1.4,4,26,39,31
2016,INFINITI,Q50 HYBRID,3.5,6,28,34,30
2016,TOYOTA,TACOMA 4WD,2.7,4,19,22,20
2016,CHEVROLET,CRUZE LIMITED ECO,1.4,4,28,42,33
2016,TOYOTA,CAMRY HYBRID XLE/SE,2.5,4,40,38,40
2016,BMW,640I COUPE,3.0,6,20,31,24
2016,FERRARI,488 GTB,3.9,8,15,22,18
2016,FERRARI,488 GTB,3.9,8,16,22,18
2016,FERRARI,F12,6.3,12,11,16,13
2016,CHEVROLET,IMPALA BI-FUEL (CNG),3.6,6,17,25,20
2016,CHEVROLET,MALIBU,1.5,4,27,37,31
2016,HONDA,PILOT 2WD,3.5,6,19,27,22
2016,TOYOTA,TACOMA 4WD,2.7,4,19,21,20
2016,TOYOTA,TACOMA 4WD,3.5,6,18,23,20
2016,TOYOTA,TACOMA 4WD,3.5,6,17,21,19
2016,TOYOTA,TACOMA 4WD DOUBLE CAB,3.5,6,17,20,18
2016,CHEVROLET,C15 SILVERADO 2WD,4.3,6,18,24,20
2016,CHEVROLET,C15 SILVERADO 2WD,5.3,8,16,23,19
2016,CHEVROLET,C15 SILVERADO 2WD,5.3,8,16,23,19
2016,HONDA,PILOT 2WD,3.5,6,20,27,23
2016,HYUNDAI MOTOR COMPANY,SANTA FE FWD,3.3,6,18,25,21
2016,HYUNDAI MOTOR COMPANY,SANTA FE SPORT FWD,2.0,4,19,27,22
2016,HYUNDAI MOTOR COMPANY,SANTA FE SPORT FWD,2.4,4,20,27,23
2016,HYUNDAI MOTOR COMPANY,SANTA FE SPORT ULTIMATE FWD,2.0,4,19,26,22
2016,INFINITI,Q50 HYBRID AWD,3.5,6,27,31,28
2016,KIA MOTORS CORPORATION,FORTE KOUP,1.6,4,22,30,25
2016,KIA MOTORS CORPORATION,FORTE KOUP,1.6,4,22,29,25
2016,TOYOTA,COROLLA,1.8,4,27,36,31
2016,HYUNDAI MOTOR COMPANY,SANTA FE ULTIMATE FWD,3.3,6,17,23,20
2016,FERRARI,F12,6.3,12,12,16,13
2016,BMW,640I XDRIVE CONVERTIBLE,3.0,6,20,29,23
2016,BMW,640I XDRIVE COUPE,3.0,6,20,29,23
2016,BMW,650I CONVERTIBLE,4.4,8,17,25,20
2016,BMW,650I COUPE,4.4,8,17,25,20
2016,BMW,650I XDRIVE CONVERTIBLE,4.4,8,15,24,18
2016,KIA MOTORS CORPORATION,FORTE KOUP,2.0,4,25,34,28
2016,CHEVROLET,MALIBU,1.8,4,47,46,46
2016,CHEVROLET,MALIBU,2.0,4,22,33,26
2016,CHEVROLET,MALIBU LIMITED,2.5,4,24,34,27
2016,CHEVROLET,SONIC 5 RS,1.4,4,25,33,28
2016,BMW,650I XDRIVE COUPE,4.4,8,16,25,19
2016,FERRARI,F12 TDF,6.3,12,12,17,13
2016,CHEVROLET,C15 SILVERADO 2WD,5.3,8,18,24,20
2016,CHEVROLET,C15 SILVERADO 2WD,5.3,8,16,22,18
2016,CHEVROLET,C15 SILVERADO 2WD,6.2,8,15,21,17
2016,FORD,F150 2.7L 2WD GVWR>6649 LBS PAYLOAD PACKAGE,2.7,6,18,24,21
2016,FORD,F150 2WD,2.7,6,19,26,22
2016,BMW,M2,3.0,6,20,27,23
2016,TOYOTA,COROLLA,1.8,4,29,38,32
2016,HYUNDAI MOTOR COMPANY,TUCSON ECO FWD,1.6,4,26,33,29
2016,HYUNDAI MOTOR COMPANY,TUCSON FWD,1.6,4,25,30,27
2016,HYUNDAI MOTOR COMPANY,TUCSON FWD,2.0,4,23,31,26
2016,INFINITI,QX60 FWD,3.5,6,21,27,23
2016,CHEVROLET,SONIC 5 RS,1.4,4,27,34,30
2016,KIA MOTORS CORPORATION,FORTE KOUP,2.0,4,24,33,27
2016,FERRARI,F12 TDF,6.3,12,11,15,12
2016,CHRYSLER,200,2.4,4,23,36,28
2016,FORD,F150 2WD,3.5,6,17,24,20
2016,TOYOTA,COROLLA,1.8,4,29,37,32
2016,BMW,M2,3.0,6,18,26,21
2016,INFINITI,QX70 RWD,3.7,6,17,24,19
2016,JEEP,CHEROKEE FWD,2.4,4,22,31,25
2016,JEEP,CHEROKEE FWD,2.4,4,22,31,25
2016,JEEP,CHEROKEE FWD,3.2,6,21,29,24
2016,JEEP,COMPASS FWD,2.0,4,22,26,24
2016,BMW,M235I,3.0,6,20,31,24
2016,BMW,M235I,3.0,6,19,28,22
2016,BMW,M235I CONVERTIBLE,3.0,6,20,31,24
2016,KIA MOTORS CORPORATION,RIO,1.6,4,27,37,31
2016,KIA MOTORS CORPORATION,RIO,1.6,4,27,38,31
2016,KIA MOTORS CORPORATION,RIO ECO,1.6,4,28,37,31
2016,FERRARI,F60 AMERICA,6.3,12,12,15,13
2016,FERRARI,F60 AMERICA,6.3,12,11,15,13
2016,HONDA,CR-Z,1.5,4,36,39,37
2016,FORD,F150 2WD FFV,3.5,6,18,25,20
2016,CHRYSLER,200,2.4,4,23,36,28
2016,TOYOTA,COROLLA,1.8,4,28,37,31
2016,TOYOTA,COROLLA LE ECO,1.8,4,30,42,35
2016,TOYOTA,COROLLA LE ECO,1.8,4,30,40,34
2016,TOYOTA,PRIUS,1.8,4,54,50,52
2016,LEXUS,CT 200H,1.8,4,43,40,42
2016,LEXUS,GS F,5.0,8,16,24,19
2016,LEXUS,IS 200T,2.0,4,22,33,26
2016,LEXUS,IS 300 AWD,3.5,6,19,26,21
2016,JEEP,COMPASS FWD,2.0,4,23,30,26
2016,JEEP,COMPASS FWD,2.4,4,21,28,23
2016,BMW,M235I CONVERTIBLE,3.0,6,19,26,22
2016,BMW,M235I XDRIVE,3.0,6,20,30,23
2016,CHRYSLER,200,3.6,6,19,32,23
2016,CHRYSLER,200 AWD,3.6,6,18,29,22
2016,DODGE,CHALLENGER,3.6,6,19,30,23
2016,DODGE,CHALLENGER,5.7,8,16,25,19
2016,DODGE,CHALLENGER,5.7,8,15,23,18
2016,FORD,F150 2WD FFV,5.0,8,15,22,18
2016,HONDA,CR-Z,1.5,4,31,38,34
2016,JAGUAR,F-TYPE CONVERTIBLE,3.0,6,19,28,22
2016,BMW,M235I XDRIVE CONVERTIBLE,3.0,6,20,30,23
2016,TOYOTA,PRIUS ECO,1.8,4,58,53,56
2016,VOLKSWAGEN,PASSAT,1.8,4,25,38,29
2016,VOLKSWAGEN,PASSAT,3.6,6,20,28,23
2016,VOLVO,S80 FWD,2.0,4,25,37,29
2016,AUDI,A8L,3.0,6,24,36,28
2016,AUDI,A8L,3.0,6,19,29,22
2016,JAGUAR,F-TYPE CONVERTIBLE MANUAL,3.0,6,16,24,19
2016,JAGUAR,F-TYPE COUPE,3.0,6,19,28,22
2016,JAGUAR,F-TYPE COUPE MANUAL,3.0,6,16,24,19
2016,JAGUAR,F-TYPE R AWD CONVERTIBLE,5.0,8,15,23,18
2016,LEXUS,IS 350,3.5,6,19,28,22
2016,LEXUS,IS 350 AWD,3.5,6,19,26,21
2016,MAZDA,CX-3 2WD,2.0,4,29,35,31
2016,MAZDA,CX-3 4WD,2.0,4,27,32,29
2016,MAZDA,MAZDA 2,1.5,4,33,43,37
2016,JEEP,COMPASS FWD,2.4,4,23,29,25
2016,JEEP,PATRIOT FWD,2.0,4,22,26,24
2016,JEEP,PATRIOT FWD,2.0,4,23,30,26
2016,JEEP,PATRIOT FWD,2.4,4,21,28,23
2016,JEEP,PATRIOT FWD,2.4,4,23,29,25
2016,JEEP,RENEGADE 4X2,1.4,4,24,31,27
2016,JEEP,RENEGADE 4X2,2.4,4,22,31,25
2016,KIA MOTORS CORPORATION,SORENTO FWD,2.0,4,20,27,23
2016,KIA MOTORS CORPORATION,SORENTO FWD,2.4,4,21,29,24
2016,KIA MOTORS CORPORATION,SORENTO FWD,3.3,6,18,26,21
2016,KIA MOTORS CORPORATION,SPORTAGE FWD,2.4,4,21,28,24
2016,DODGE,CHALLENGER,6.4,8,15,25,18
2016,DODGE,CHALLENGER,6.4,8,14,23,17
2016,BMW,M4 CONVERTIBLE,3.0,6,17,24,19
2016,BMW,M4 CONVERTIBLE,3.0,6,17,26,20
2016,KIA MOTORS CORPORATION,SPORTAGE SX FWD,2.0,4,20,26,22
2016,FORD,F150 3.5L 2WD GVWR>7599 LBS PAYLOAD PACKAGE,3.5,6,16,22,18
2016,FORD,F150 5.0L 2WD FFV GVWR>7599 LBS PAYLOAD PACKAGE,5.0,8,14,20,16
2016,GMC,C15 SIERRA 2WD,4.3,6,18,24,20
2016,GMC,C15 SIERRA 2WD,5.3,8,16,23,19
2016,GMC,C15 SIERRA 2WD,5.3,8,16,23,19
2016,GMC,C15 SIERRA 2WD,5.3,8,18,24,20
2016,GMC,C15 SIERRA 2WD,5.3,8,16,22,18
2016,GMC,C15 SIERRA 2WD,6.2,8,15,21,17
2016,RAM,1500 4X2,3.0,6,20,28,23
2016,RAM,1500 4X2,3.6,6,17,25,20
2016,LEXUS,NX 200T,2.0,4,22,28,25
2016,LEXUS,NX 300H,2.5,4,35,31,33
2016,LEXUS,RX 350,3.5,6,20,28,23
2016,LEXUS,RX 450H,3.5,6,31,30,30
2016,BMW,M6 CONVERTIBLE,4.4,8,14,20,16
2016,AUDI,A8L,4.0,8,18,29,22
2016,AUDI,A8L,6.3,12,14,22,17
2016,BMW,328I XDRIVE GRAN TURISMO,2.0,4,22,34,26
2016,BMW,335I XDRIVE GRAN TURISMO,3.0,6,20,30,23
2016,BMW,535I GRAN TURISMO,3.0,6,19,28,22
2016,BMW,535I XDRIVE GRAN TURISMO,3.0,6,18,26,21
2016,BMW,740I,3.0,6,21,29,24
2016,BMW,750I,4.4,8,17,25,20
2016,BMW,750I XDRIVE,4.4,8,16,25,19
2016,BMW,X1 XDRIVE28I,2.0,4,22,32,26
2016,DODGE,CHALLENGER SRT8,6.2,8,13,22,16
2016,DODGE,CHALLENGER SRT8,6.2,8,13,21,16
2016,DODGE,CHALLENGER SRT8,6.4,8,15,25,18
2016,JAGUAR,F-TYPE R AWD COUPE,5.0,8,15,23,18
2016,JAGUAR,F-TYPE R CONVERTIBLE,5.0,8,16,23,18
2016,JAGUAR,F-TYPE S AWD CONVERTIBLE,3.0,6,18,26,21
2016,JAGUAR,F-TYPE S AWD COUPE,3.0,6,18,26,21
2016,JAGUAR,F-TYPE S CONVERTIBLE,3.0,6,19,27,22
2016,BMW,M6 CONVERTIBLE,4.4,8,15,22,17
2016,BMW,M6 COUPE,4.4,8,14,20,16
2016,BMW,M6 COUPE,4.4,8,15,22,17
2016,BUICK,CASCADA,1.6,4,20,27,23
2016,CHEVROLET,SPARK,1.4,4,31,41,35
2016,CHEVROLET,SPARK,1.4,4,30,41,34
2016,LINCOLN,MKC  FWD,2.0,4,20,29,23
2016,CADILLAC,CT6,2.0,4,22,31,25
2016,CADILLAC,CT6 AWD,3.0,6,18,26,21
2016,CADILLAC,CT6 AWD,3.6,6,18,27,22
2016,CADILLAC,XTS,3.6,6,18,28,22
2016,CADILLAC,XTS AWD,3.6,6,17,26,20
2016,CADILLAC,XTS AWD,3.6,6,16,23,18
2016,CHEVROLET,IMPALA,2.5,4,22,31,25
2016,CHEVROLET,IMPALA,3.6,6,18,28,22
2016,CHEVROLET,IMPALA,3.6,6,19,29,22
2016,CHEVROLET,IMPALA LIMITED,3.6,6,18,30,22
2016,CHEVROLET,SS,6.2,8,14,20,16
2016,CHEVROLET,SS,6.2,8,14,22,17
2016,CHRYSLER,300,3.6,6,19,31,23
2016,CHRYSLER,300,3.6,6,19,31,23
2016,CHRYSLER,300,5.7,8,16,25,19
2016,CHRYSLER,300 AWD,3.6,6,18,27,21
2016,CHRYSLER,300 AWD,3.6,6,18,27,21
2016,DODGE,CHARGER,3.6,6,19,31,23
2016,DODGE,CHARGER,3.6,6,19,31,23
2016,DODGE,CHARGER,5.7,8,16,25,19
2016,RAM,1500 4X2,5.7,8,14,20,16
2016,RAM,1500 4X2,5.7,8,15,22,17
2016,RAM,1500 HFE 4X2,3.0,6,21,29,24
2016,LINCOLN,MKX FWD,2.7,6,17,26,21
2016,DODGE,CHALLENGER SRT8,6.4,8,14,23,17
2016,MAZDA,MAZDA 2,1.5,4,31,42,35
2016,DODGE,DART,1.4,4,27,37,31
2016,DODGE,DART,2.0,4,24,34,27
2016,DODGE,DART,2.0,4,25,36,29
2016,DODGE,DART,2.4,4,23,35,27
2016,DODGE,DART,2.4,4,22,35,27
2016,DODGE,DART AERO,1.4,4,28,40,32
2016,DODGE,DART AERO,1.4,4,28,41,32
2016,MAZDA,MAZDA3 4-DOOR,2.0,4,30,41,34
2016,MAZDA,MAZDA3 4-DOOR,2.0,4,29,41,33
2016,MAZDA,MAZDA3 4-DOOR,2.5,4,29,40,33
2016,FORD,FIESTA FWD,1.6,4,27,37,31
2016,FORD,FIESTA FWD,1.6,4,28,36,31
2016,FORD,FIESTA SFE FWD,1.0,3,31,43,36
2016,FORD,MUSTANG,2.3,4,21,32,25
2016,FORD,MUSTANG,2.3,4,22,31,25
2016,FORD,MUSTANG,3.7,6,19,28,22
2016,FORD,MUSTANG,3.7,6,17,28,21
2016,FORD,MUSTANG,5.0,8,16,25,19
2016,RAM,1500 HFE 4X2,3.6,6,18,25,21
2016,ROUSH,F150 PICKUP 2WD,5.0,8,12,15,13
2016,TOYOTA,TUNDRA 2WD,4.6,8,15,19,16
2016,TOYOTA,TUNDRA 2WD,5.7,8,13,18,15
2016,TOYOTA,TUNDRA 2WD FFV,5.7,8,13,18,15
2016,CHEVROLET,K15 SILVERADO 4WD,4.3,6,17,22,19
2016,CHEVROLET,K15 SILVERADO 4WD,5.3,8,16,22,18
2016,CHEVROLET,K15 SILVERADO 4WD,5.3,8,16,22,18
2016,CHEVROLET,K15 SILVERADO 4WD,5.3,8,16,21,18
2016,CHEVROLET,K15 SILVERADO 4WD,5.3,8,15,21,17
2016,CHEVROLET,K15 SILVERADO 4WD,6.2,8,15,21,17
2016,FORD,F150 2.7L 4WD GVWR>6799 LBS PAYLOAD PACKAGE,2.7,6,18,22,19
2016,FORD,F150 3.5L 4WD GVWR>7599 LBS PAYLOAD PACKAGE,3.5,6,15,20,17
2016,FORD,F150 4WD,2.7,6,18,23,20
2016,JAGUAR,F-TYPE S CONVERTIBLE MANUAL,3.0,6,15,24,18
2016,DODGE,CHARGER,6.4,8,15,25,18
2016,DODGE,CHARGER AWD,3.6,6,18,27,21
2016,DODGE,CHARGER AWD,3.6,6,18,27,21
2016,DODGE,CHARGER SRT8,6.2,8,13,22,16
2016,DODGE,CHARGER SRT8,6.4,8,15,25,18
2016,FORD,C-MAX HYBRID FWD,2.0,4,42,37,40
2016,FORD,SPECIAL SERVICE POLICE FWD,2.0,4,19,28,22
2016,FORD,TAURUS AWD,3.5,6,17,24,19
2016,FORD,TAURUS AWD,3.5,6,16,24,19
2016,FORD,TAURUS AWD FFV,3.5,6,17,24,19
2016,FORD,TAURUS FWD,2.0,4,20,29,23
2016,DODGE,DART GT,2.4,4,22,31,26
2016,DODGE,DART GT,2.4,4,23,33,27
2016,FORD,TAURUS FWD,3.5,6,18,27,21
2016,FORD,TAURUS FWD FFV,3.5,6,18,27,21
2016,HYUNDAI MOTOR COMPANY,AZERA,3.3,6,20,29,23
2016,HYUNDAI MOTOR COMPANY,AZERA LIMITED,3.3,6,19,28,22
2016,HYUNDAI MOTOR COMPANY,EQUUS,5.0,8,15,23,18
2016,HYUNDAI MOTOR COMPANY,GENESIS AWD,3.8,6,16,25,19
2016,HYUNDAI MOTOR COMPANY,GENESIS RWD,3.8,6,18,29,22
2016,FORD,F150 4WD,3.5,6,16,22,18
2016,FORD,F150 4WD FFV,3.5,6,17,23,19
2016,LINCOLN,MKX FWD,3.7,6,17,26,20
2016,MAZDA,CX-5 2WD,2.0,4,26,35,29
2016,MAZDA,CX-5 2WD,2.5,4,26,33,29
2016,MERCEDES-BENZ,GLC 300,2.0,4,22,28,24
2016,MITSUBISHI MOTORS CORPORATION,OUTLANDER 2WD,2.4,4,25,31,27
2016,MITSUBISHI MOTORS CORPORATION,OUTLANDER SPORT 2WD,2.0,4,24,31,27
2016,MITSUBISHI MOTORS CORPORATION,OUTLANDER SPORT 2WD,2.0,4,23,29,25
2016,FORD,F150 4WD FFV,5.0,8,15,21,17
2016,FORD,F150 5.0L 4WD FFV GVWR>7599 LBS PAYLOAD PACKAGE,5.0,8,14,19,16
2016,FERRARI,FF,6.3,12,11,17,13
2016,FERRARI,FF,6.3,12,11,16,13
2016,FORD,FOCUS RS AWD,2.3,4,19,25,22
2016,FORD,FOCUS ST FWD,2.0,4,22,31,25
2016,FORD,FUSION AWD,2.0,4,22,31,25
2016,FORD,FUSION FWD,1.5,4,24,36,28
2016,FORD,FUSION FWD,1.5,4,25,37,29
2016,FORD,FUSION FWD,2.0,4,22,33,26
2016,FORD,MUSTANG,5.0,8,15,25,19
2016,FORD,MUSTANG CONVERTIBLE,2.3,4,20,29,24
2016,FORD,MUSTANG CONVERTIBLE,5.0,8,15,24,18
2016,MAZDA,MAZDA3 4-DOOR,2.5,4,28,39,32
2016,MAZDA,MAZDA3 4-DOOR,2.5,4,25,37,29
2016,MERCEDES-BENZ,AMG C 63,4.0,8,18,25,20
2016,MERCEDES-BENZ,AMG C 63 S,4.0,8,18,25,20
2016,MITSUBISHI MOTORS CORPORATION,OUTLANDER SPORT 2WD,2.4,4,23,28,25
2016,JAGUAR,F-TYPE S COUPE,3.0,6,19,27,22
2016,JAGUAR,F-TYPE S COUPE MANUAL,3.0,6,15,24,18
2016,LAMBORGHINI,AVENTADOR COUPE,6.5,12,11,18,13
2016,LAMBORGHINI,AVENTADOR ROADSTER,6.5,12,10,17,12
2016,LAMBORGHINI,HURACAN,5.2,10,14,21,17
2016,LAMBORGHINI,HURACAN SPYDER,5.2,10,14,20,16
2016,MAZDA,MX-5,2.0,4,27,36,30
2016,MAZDA,MX-5,2.0,4,27,34,30
2016,MCLAREN,570S COUPE,3.8,8,16,23,19
2016,MCLAREN,650S COUPE,3.8,8,16,22,18
2016,MCLAREN,650S SPIDER,3.8,8,16,22,18
2016,HYUNDAI MOTOR COMPANY,GENESIS RWD,5.0,8,15,23,18
2016,HYUNDAI MOTOR COMPANY,SONATA,1.6,4,28,38,32
2016,HYUNDAI MOTOR COMPANY,SONATA,2.0,4,23,32,26
2016,HYUNDAI MOTOR COMPANY,SONATA,2.4,4,25,38,30
2016,HYUNDAI MOTOR COMPANY,SONATA LIMITED,2.0,4,21,31,25
2016,HYUNDAI MOTOR COMPANY,SONATA SPORT/LIMITED,2.4,4,25,36,29
2016,JAGUAR,XJ,3.0,6,18,27,21
2016,MCLAREN,675LT COUPE,3.8,8,16,22,18
2016,MERCEDES-BENZ,AMG GT S,4.0,8,16,22,18
2016,MERCEDES-BENZ,AMG SL 63,5.5,8,16,25,19
2016,MERCEDES-BENZ,AMG SL 65,6.0,12,14,21,17
2016,MERCEDES-BENZ,AMG SLK 55,5.5,8,19,28,22
2016,MERCEDES-BENZ,SL 400,3.0,6,20,27,23
2016,MERCEDES-BENZ,SL 550,4.7,8,16,24,19
2016,FORD,SHELBY GT350 MUSTANG,5.2,8,14,21,16
2016,GMC,K15 SIERRA 4WD,4.3,6,17,22,19
2016,GMC,K15 SIERRA 4WD,5.3,8,16,22,18
2016,GMC,K15 SIERRA 4WD,5.3,8,16,22,18
2016,GMC,K15 SIERRA 4WD,5.3,8,16,21,18
2016,MERCEDES-BENZ,AMG CLA 45 4MATIC,2.0,4,23,31,26
2016,MERCEDES-BENZ,AMG CLS 63 S 4MATIC,5.5,8,16,22,18
2016,MERCEDES-BENZ,AMG S 63 4MATIC (COUPE),5.5,8,15,23,18
2016,MERCEDES-BENZ,AMG S 65 (COUPE),6.0,12,13,20,15
2016,MERCEDES-BENZ,C 300,2.0,4,25,34,28
2016,MERCEDES-BENZ,C 300 4MATIC,2.0,4,24,31,27
2016,FORD,FUSION FWD,2.5,4,22,34,26
2016,FORD,FUSION HYBRID FWD,2.0,4,44,41,42
2016,HONDA,ACCORD,2.4,4,27,37,31
2016,HONDA,ACCORD,2.4,4,26,35,30
2016,MERCEDES-BENZ,C 450 AMG,3.0,6,21,29,24
2016,MERCEDES-BENZ,CLA 250,2.0,4,26,38,30
2016,MERCEDES-BENZ,CLA 250 4MATIC,2.0,4,24,33,27
2016,MERCEDES-BENZ,CLA 250 4MATIC,2.0,4,24,33,27
2016,MERCEDES-BENZ,CLS 400,3.0,6,20,30,24
2016,HYUNDAI MOTOR COMPANY,GENESIS COUPE,3.8,6,16,25,19
2016,HYUNDAI MOTOR COMPANY,GENESIS COUPE,3.8,6,17,24,19
2016,LEXUS,RC 200T,2.0,4,22,32,26
2016,GMC,K15 SIERRA 4WD,5.3,8,15,21,17
2016,NISSAN,PATHFINDER 2WD,3.5,6,20,27,23
2016,NISSAN,ROGUE FWD,2.5,4,26,33,28
2016,TOYOTA,HIGHLANDER,2.7,4,20,25,22
2016,TOYOTA,HIGHLANDER,3.5,6,19,25,21
2016,TOYOTA,RAV4,2.5,4,23,30,26
2016,TOYOTA,RAV4 LE/XLE,2.5,4,24,31,26
2016,VOLKSWAGEN,TIGUAN,2.0,4,21,26,23
2016,VOLVO,XC60 FWD,2.0,4,23,31,26
2016,MERCEDES-BENZ,SLK 300,2.0,4,25,32,28
2016,MERCEDES-BENZ,SLK 350,3.5,6,21,29,24
2016,MERCEDES-BENZ,SMART FORTWO (COUPE),0.9,3,34,39,36
2016,JAGUAR,XJ,5.0,8,15,23,18
2016,JAGUAR,XJ AWD,3.0,6,17,26,20
2016,HONDA,ACCORD,2.4,4,23,34,27
2016,HONDA,ACCORD,3.5,6,21,34,26
2016,HONDA,ACCORD,3.5,6,21,32,25
2016,HONDA,ACCORD,3.5,6,18,28,22
2016,HONDA,CIVIC 4DR,1.5,4,31,42,35
2016,HONDA,CIVIC 4DR,2.0,4,31,41,35
2016,MERCEDES-BENZ,CLS 400 4MATIC,3.0,6,19,26,22
2016,MERCEDES-BENZ,CLS 550,4.7,8,17,26,21
2016,MERCEDES-BENZ,CLS 550 4MATIC,4.7,8,17,25,20
2016,MERCEDES-BENZ,S 550 4MATIC (COUPE),4.7,8,16,24,19
2016,MINI,MINI COOPER COUNTRYMAN,1.6,4,25,30,27
2016,MINI,MINI COOPER COUNTRYMAN,1.6,4,27,32,29
2016,JAGUAR,XJL,3.0,6,18,27,21
2016,JAGUAR,XJL,5.0,8,15,23,18
2016,JAGUAR,XJL AWD,3.0,6,17,25,20
2016,KIA MOTORS CORPORATION,CADENZA,3.3,6,19,28,22
2016,KIA MOTORS CORPORATION,FORTE 5,1.6,4,21,29,24
2016,KIA MOTORS CORPORATION,FORTE 5,1.6,4,21,29,24
2016,KIA MOTORS CORPORATION,FORTE 5,2.0,4,25,33,28
2016,KIA MOTORS CORPORATION,K900,3.8,6,17,26,20
2016,KIA MOTORS CORPORATION,K900,5.0,8,15,23,18
2016,KIA MOTORS CORPORATION,OPTIMA,1.6,4,28,39,32
2016,KIA MOTORS CORPORATION,OPTIMA,2.0,4,22,32,25
2016,KIA MOTORS CORPORATION,OPTIMA,2.4,4,24,35,28
2016,KIA MOTORS CORPORATION,OPTIMA FE,2.0,4,22,32,26
2016,KIA MOTORS CORPORATION,OPTIMA FE,2.4,4,25,37,30
2016,LINCOLN,MKS AWD,3.5,6,16,24,19
2016,LINCOLN,MKS AWD,3.7,6,17,24,19
2016,LINCOLN,MKS FWD,3.7,6,17,26,20
2016,MASERATI,QUATTROPORTE GTS,3.8,8,15,22,17
2016,MASERATI,QUATTROPORTE S,3.0,6,16,23,18
2016,MASERATI,QUATTROPORTE SQ4 V6,3.0,6,16,23,18
2016,MERCEDES-BENZ,AMG S 63 4MATIC,5.5,8,15,23,18
2016,MERCEDES-BENZ,AMG S 65,6.0,12,13,20,15
2016,MERCEDES-BENZ,MAYBACH S 600,6.0,12,13,20,15
2016,MERCEDES-BENZ,S 550,4.7,8,17,26,20
2016,MERCEDES-BENZ,S 550 4MATIC,4.7,8,16,26,19
2016,MERCEDES-BENZ,S 600,6.0,12,14,21,16
2016,PORSCHE,PANAMERA,3.6,6,18,28,22
2016,PORSCHE,PANAMERA 4,3.6,6,18,27,21
2016,PORSCHE,PANAMERA 4S,3.0,6,17,27,21
2016,PORSCHE,PANAMERA 4S EXECUTIVE,3.0,6,17,26,20
2016,PORSCHE,PANAMERA GTS,4.8,8,16,24,19
2016,LEXUS,RC 300 AWD,3.5,6,19,26,21
2016,LEXUS,RC 350,3.5,6,19,28,22
2016,LEXUS,RC 350 AWD,3.5,6,19,26,21
2016,LEXUS,RC F,5.0,8,16,25,19
2016,MASERATI,GRANTURISMO,4.7,8,13,21,16
2016,HONDA,CIVIC 4DR,2.0,4,27,40,31
2016,HYUNDAI MOTOR COMPANY,ELANTRA,1.8,4,28,38,32
2016,HYUNDAI MOTOR COMPANY,ELANTRA,1.8,4,27,37,31
2016,HYUNDAI MOTOR COMPANY,ELANTRA,2.0,4,24,35,28
2016,HYUNDAI MOTOR COMPANY,ELANTRA,2.0,4,24,34,28
2016,HYUNDAI MOTOR COMPANY,ELANTRA GT,2.0,4,24,33,27
2016,HYUNDAI MOTOR COMPANY,ELANTRA GT,2.0,4,24,33,27
2016,HYUNDAI MOTOR COMPANY,ELANTRA LIMITED,1.8,4,27,37,31
2016,HYUNDAI MOTOR COMPANY,SONATA HYBRID,2.0,4,39,43,41
2016,HYUNDAI MOTOR COMPANY,SONATA HYBRID SE,2.0,4,40,44,42
2016,INFINITI,Q50,2.0,4,23,31,26
2016,INFINITI,Q50,3.0,6,19,28,23
2016,INFINITI,Q50 AWD,2.0,4,22,28,24
2016,VOLVO,XC60 FWD,2.0,4,22,29,24
2016,GMC,K15 SIERRA 4WD,6.2,8,15,21,17
2016,RAM,1500 4X4,3.0,6,19,27,22
2016,RAM,1500 4X4,3.6,6,16,23,19
2016,MINI,MINI COOPER PACEMAN,1.6,4,25,30,27
2016,MINI,MINI COOPER PACEMAN,1.6,4,27,32,29
2016,MINI,MINI COOPER S COUNTRYMAN,1.6,4,25,32,28
2016,MERCEDES-BENZ,SMART FORTWO (COUPE),0.9,3,32,39,35
2016,NISSAN,370Z,3.7,6,19,26,21
2016,VOLVO,XC70 FWD,2.0,4,23,31,26
2016,ACURA,MDX 4WD,3.5,6,19,26,22
2016,ACURA,MDX 4WD,3.5,6,18,26,21
2016,PORSCHE,PANAMERA S,3.0,6,17,27,21
2016,PORSCHE,PANAMERA TURBO,4.8,8,15,24,18
2016,PORSCHE,PANAMERA TURBO EXECUTIVE,4.8,8,15,24,18
2016,PORSCHE,PANAMERA TURBO S,4.8,8,15,24,18
2016,PORSCHE,PANAMERA TURBO S EXECUTIVE,4.8,8,15,24,18
2016,MASERATI,GRANTURISMO CONVERTIBLE,4.7,8,13,20,15
2016,MERCEDES-BENZ,E 400 (CONVERTIBLE),3.0,6,20,29,24
2016,MERCEDES-BENZ,E 400 (COUPE),3.0,6,20,29,24
2016,MERCEDES-BENZ,E 400 4MATIC (COUPE),3.0,6,20,28,23
2016,RAM,1500 4X4,5.7,8,13,19,15
2016,INFINITI,Q50 AWD,3.0,6,19,27,22
2016,INFINITI,Q50S,3.0,6,19,28,23
2016,INFINITI,Q50S AWD,3.0,6,18,26,21
2016,INFINITI,Q50S AWD RED SPORT,3.0,6,19,26,22
2016,INFINITI,Q50S RED SPORT,3.0,6,20,26,22
2016,RAM,1500 4X4,5.7,8,15,21,17
2016,ROUSH,F150 PICKUP 4WD,5.0,8,12,15,13
2016,TOYOTA,TUNDRA 4WD,4.6,8,14,18,16
2016,TOYOTA,TUNDRA 4WD,5.7,8,13,17,15
2016,TOYOTA,TUNDRA 4WD FFV,5.7,8,13,17,15
2016,CHEVROLET,G2500 EXPRESS 2WD PASS MDPV,6.0,8,11,16,13
2016,CHEVROLET,G3500 EXPRESS 2WD PASS MDPV,6.0,8,11,16,12
2016,FORD,TRANSIT T150 WAGON,3.5,6,15,19,16
2016,MINI,MINI COOPER S COUNTRYMAN,1.6,4,26,32,29
2016,MERCEDES-BENZ,E 550 (CONVERTIBLE),4.7,8,17,26,20
2016,MINI,MINI COOPER S COUNTRYMAN ALL4,1.6,4,23,30,26
2016,MINI,MINI COOPER S COUNTRYMAN ALL4,1.6,4,25,31,27
2016,MINI,MINI COOPER S PACEMAN,1.6,4,25,32,28
2016,MINI,MINI COOPER S PACEMAN,1.6,4,26,32,29
2016,MINI,MINI COOPER S PACEMAN ALL4,1.6,4,23,30,26
2016,MINI,MINI COOPER S PACEMAN ALL4,1.6,4,25,31,27
2016,MINI,MINI JCW COUNTRYMAN ALL4,1.6,4,23,30,26
2016,MINI,MINI JCW COUNTRYMAN ALL4,1.6,4,25,31,27
2016,MINI,MINI JCW PACEMAN ALL4,1.6,4,23,30,26
2016,MINI,MINI JCW PACEMAN ALL4,1.6,4,25,31,27
2016,FORD,TRANSIT T150 WAGON FFV,3.7,6,14,18,16
2016,GMC,G2500 SAVANA 2WD PASS MDPV,6.0,8,11,16,13
2016,GMC,G3500 SAVANA 2WD PASS MDPV,6.0,8,11,16,12
2016,NISSAN,370Z,3.7,6,18,26,21
2016,NISSAN,370Z ROADSTER,3.7,6,18,25,21
2016,NISSAN,370Z ROADSTER,3.7,6,17,24,20
2016,ACURA,RDX 4WD,3.5,6,19,28,22
2016,AUDI,Q5,2.0,4,20,28,23
2016,CADILLAC,XTS HEARSE,3.6,6,15,21,17
2016,MITSUBISHI MOTORS CORPORATION,LANCER,2.0,4,27,35,30
2016,ROLLS-ROYCE MOTOR CARS LIMITED,GHOST,6.6,12,13,21,15
2016,ROLLS-ROYCE MOTOR CARS LIMITED,GHOST EWB,6.6,12,13,21,15
2016,ROLLS-ROYCE MOTOR CARS LIMITED,PHANTOM,6.7,12,11,19,14
2016,ROLLS-ROYCE MOTOR CARS LIMITED,PHANTOM EWB,6.7,12,11,19,14
2016,PAGANI AUTOMOBILI S.P.A.,HUAYRA COUPE,6.0,12,11,17,13
2016,CADILLAC,XTS LIMO,3.6,6,15,21,17
2016,INFINITI,Q70,3.7,6,18,26,21
2016,INFINITI,Q70,5.6,8,16,24,19
2016,INFINITI,Q70 AWD,3.7,6,18,24,20
2016,MERCEDES-BENZ,E 550 (COUPE),4.7,8,18,26,21
2016,MINI,MINI COOPER HARDTOP 2 DOOR,1.5,4,27,37,31
2016,PORSCHE,911 GT3,3.8,6,15,20,17
2016,PORSCHE,911 GT3RS,4.0,6,14,20,16
2016,PORSCHE,BOXSTER,2.7,6,22,32,26
2016,PORSCHE,BOXSTER,2.7,6,20,30,24
2016,PORSCHE,BOXSTER GTS,3.4,6,22,31,25
2016,AUDI,ALLROAD QUATTRO,2.0,4,21,28,24
2016,BMW,328D XDRIVE SPORTS WAGON,2.0,4,30,40,34
2016,MINI,MINI COOPER HARDTOP 2 DOOR,1.5,4,28,39,32
2016,MINI,MINI COOPER HARDTOP 4 DOOR,1.5,4,27,37,31
2016,MINI,MINI COOPER HARDTOP 4 DOOR,1.5,4,29,39,33
2016,MINI,MINI COOPER S HARDTOP 2 DOOR,2.0,4,26,33,29
2016,MINI,MINI COOPER S HARDTOP 2 DOOR,2.0,4,23,33,27
2016,MINI,MINI COOPER S HARDTOP 4 DOOR,2.0,4,26,33,29
2016,MINI,MINI COOPER S HARDTOP 4 DOOR,2.0,4,23,33,27
2016,MITSUBISHI MOTORS CORPORATION,LANCER,2.0,4,24,34,28
2016,MITSUBISHI MOTORS CORPORATION,LANCER,2.4,4,24,31,27
2016,MITSUBISHI MOTORS CORPORATION,LANCER,2.4,4,22,31,25
2016,MITSUBISHI MOTORS CORPORATION,LANCER 4WD,2.4,4,23,31,26
2016,NISSAN,VERSA,1.6,4,26,35,30
2016,NISSAN,VERSA,1.6,4,31,40,35
2016,MINI,MINI JOHN COOPER WORKS HARDTOP,2.0,4,25,31,28
2016,MINI,MINI JOHN COOPER WORKS HARDTOP,2.0,4,23,31,26
2016,INFINITI,Q70 AWD,5.6,8,16,23,18
2016,INFINITI,Q70 HYBRID,3.5,6,29,34,31
2016,JAGUAR,XF,3.0,6,20,30,24
2016,JAGUAR,XF AWD,3.0,6,20,28,23
2016,KIA MOTORS CORPORATION,FORTE,1.8,4,26,39,31
2016,KIA MOTORS CORPORATION,FORTE,1.8,4,25,37,30
2016,KIA MOTORS CORPORATION,FORTE,2.0,4,24,35,28
2016,KIA MOTORS CORPORATION,OPTIMA HYBRID,2.4,4,36,40,38
2016,KIA MOTORS CORPORATION,OPTIMA HYBRID EX,2.4,4,35,39,37
2016,LEXUS,ES 300H,2.5,4,40,39,40
2016,LEXUS,ES 350,3.5,6,21,31,24
2016,LEXUS,GS 200T,2.0,4,22,33,26
2016,LEXUS,GS 200T F SPORT,2.0,4,21,30,24
2016,LEXUS,GS 350,3.5,6,20,29,23
2016,LEXUS,GS 350 AWD,3.5,6,19,26,22
2016,LEXUS,GS 350 F SPORT,3.5,6,19,28,22
2016,LEXUS,GS 450H,3.5,6,29,34,31
2016,LEXUS,LS 460,4.6,8,16,24,19
2016,LEXUS,LS 460 AWD,4.6,8,16,23,18
2016,LEXUS,LS 460 L,4.6,8,16,24,19
2016,LEXUS,LS 460 L AWD,4.6,8,16,23,18
2016,LEXUS,LS 600H L,5.0,8,19,23,20
2016,LINCOLN,MKZ AWD,2.0,4,22,31,25
2016,LINCOLN,MKZ AWD,3.7,6,17,24,20
2016,LINCOLN,MKZ FWD,2.0,4,22,33,26
2016,BMW,328I XDRIVE SPORTS WAGON,2.0,4,22,34,26
2016,CHEVROLET,SONIC 5,1.4,4,27,37,31
2016,CHEVROLET,SONIC 5,1.4,4,29,40,33
2016,CHEVROLET,SONIC 5,1.8,4,24,35,28
2016,NISSAN,GT-R,3.8,6,16,22,19
2016,LINCOLN,MKZ FWD,3.7,6,18,27,22
2016,LINCOLN,MKZ HYBRID FWD,2.0,4,41,39,40
2016,MASERATI,GHIBLI  S RWD,3.0,6,16,24,19
2016,MASERATI,GHIBLI V6 REAR WHEEL DRIVE (RWD),3.0,6,17,24,19
2016,MASERATI,GHIBLI V6 SQ4 AWD,3.0,6,16,24,19
2016,MAZDA,MAZDA 6,2.5,4,28,40,32
2016,MAZDA,MAZDA 6,2.5,4,26,38,31
2016,MAZDA,MAZDA 6,2.5,4,25,37,29
2016,MAZDA,MAZDA3 5-DOOR,2.0,4,30,40,33
2016,MAZDA,MAZDA3 5-DOOR,2.0,4,29,40,33
2016,MAZDA,MAZDA3 5-DOOR,2.5,4,28,39,32
2016,MAZDA,MAZDA3 5-DOOR,2.5,4,27,37,31
2016,MAZDA,MAZDA3 5-DOOR,2.5,4,26,35,29
2016,MERCEDES-BENZ,AMG E 63 4MATIC,5.5,8,16,23,19
2016,MERCEDES-BENZ,AMG E 63 S 4MATIC,5.5,8,15,22,18
2016,MERCEDES-BENZ,E 250 BLUETEC,2.1,4,28,42,33
2016,MERCEDES-BENZ,E 250 BLUETEC 4MATIC,2.1,4,27,38,31
2016,AUDI,Q5,3.0,6,24,31,27
2016,AUDI,Q5,3.0,6,18,26,21
2016,MERCEDES-BENZ,E 350,3.5,6,20,29,23
2016,MERCEDES-BENZ,E 350,3.5,6,20,29,23
2016,MERCEDES-BENZ,E 350 4MATIC,3.5,6,20,28,23
2016,MERCEDES-BENZ,E 350 4MATIC,3.5,6,20,28,23
2016,MERCEDES-BENZ,E 400,3.0,6,20,29,23
2016,MERCEDES-BENZ,E 400 4MATIC,3.0,6,20,28,23
2016,MERCEDES-BENZ,E 550 4MATIC,4.7,8,18,24,21
2016,MINI,MINI COOPER CLUBMAN,1.5,4,25,34,28
2016,MINI,MINI COOPER CLUBMAN,1.5,4,25,35,28
2016,MINI,MINI COOPER S CLUBMAN,2.0,4,24,34,27
2016,MINI,MINI COOPER S CLUBMAN,2.0,4,22,32,26
2016,NISSAN,ALTIMA,2.5,4,27,39,31
2016,NISSAN,ALTIMA 3.5,3.5,6,22,32,26
2016,KIA MOTORS CORPORATION,SOUL ECO DYNAMICS,2.0,4,24,31,27
2016,NISSAN,JUKE,1.6,4,28,32,30
2016,NISSAN,JUKE,1.6,4,28,34,30
2016,NISSAN,JUKE AWD,1.6,4,26,31,28
2016,NISSAN,JUKE NISMO RS,1.6,4,25,31,27
2016,NISSAN,JUKE NISMO RS AWD,1.6,4,25,29,27
2016,SUBARU,IMPREZA SPORT,2.0,4,27,36,31
2016,CHEVROLET,C15 SILVERADO 2WD CAB CHASSIS,5.3,8,15,20,17
2016,CHEVROLET,COLORADO CAB CHASSIS 2WD,3.6,6,15,17,16
2016,CHEVROLET,K15 SILVERADO 4WD CAB CHASSIS,5.3,8,15,19,17
2016,GMC,C15 SIERRA 2WD CAB CHASSIS,5.3,8,15,20,17
2016,CHEVROLET,CITY EXPRESS CARGO VAN,2.0,4,24,26,25
2016,FORD,TRANSIT CONNECT VAN 2WD,1.6,4,22,29,25
2016,FORD,TRANSIT CONNECT VAN 2WD,2.5,4,20,28,23
2016,FORD,TRANSIT CONNECT VAN FFV,2.5,4,20,28,23
2016,FORD,TRANSIT CONNECT WAGON FFV,2.5,4,19,27,22
2016,FORD,TRANSIT CONNECT WAGON FWD,1.6,4,22,29,25
2016,FORD,TRANSIT CONNECT WAGON FWD,2.5,4,19,27,22
2016,ROUSH,ROUSH STAGE 3 MUSTANG,5.0,8,13,23,16
2016,ROUSH,ROUSH STAGE 3 MUSTANG,5.0,8,12,23,16
2016,SCION,IA,1.5,4,33,42,37
2016,SCION,IA,1.5,4,31,41,35
2016,CHEVROLET,SONIC 5,1.8,4,26,35,30
2016,PORSCHE,BOXSTER GTS,3.4,6,19,26,22
2016,VOLKSWAGEN,BEETLE CONVERTIBLE,1.8,4,25,34,28
2016,VOLKSWAGEN,BEETLE CONVERTIBLE,2.0,4,23,31,26
2016,VOLKSWAGEN,BEETLE CONVERTIBLE,2.0,4,23,31,26
2016,VOLKSWAGEN,EOS,2.0,4,22,30,25
2016,ACURA,ILX,2.4,4,25,36,29
2016,ACURA,TLX 2WD,2.4,4,24,35,28
2016,ACURA,TLX 2WD,3.5,6,21,34,25
2016,ACURA,TLX 4WD,3.5,6,21,31,25
2016,AUDI,A4,2.0,4,24,31,27
2016,AUDI,A4 QUATTRO,2.0,4,21,30,25
2016,AUDI,A4 QUATTRO,2.0,4,22,32,26
2016,AUDI,Q3,2.0,4,20,29,23
2016,AUDI,Q3 QUATTRO,2.0,4,20,28,23
2016,FORD,TRANSIT CONNECT WAGON LWB FFV,2.5,4,19,27,22
2016,FORD,TRANSIT CONNECT WAGON LWB FWD,2.5,4,19,27,22
2016,LINCOLN,MKT LIVERY FWD,2.0,4,18,25,21
2016,NISSAN,VERSA,1.6,4,27,36,30
2016,ROLLS-ROYCE MOTOR CARS LIMITED,DAWN,6.6,12,12,19,14
2016,ROLLS-ROYCE MOTOR CARS LIMITED,PHANTOM COUPE,6.7,12,11,19,14
2016,ROLLS-ROYCE MOTOR CARS LIMITED,PHANTOM DROPHEAD COUPE,6.7,12,11,19,14
2016,SCION,TC,2.5,4,23,31,26
2016,SCION,TC,2.5,4,23,31,26
2016,SUBARU,IMPREZA,2.0,4,28,37,31
2016,SUBARU,IMPREZA,2.0,4,25,34,28
2016,SUBARU,WRX,2.0,4,18,24,21
2016,SUBARU,WRX,2.0,4,20,27,23
2016,SUBARU,WRX,2.5,4,17,23,19
2016,TOYOTA,PRIUS C,1.5,4,53,46,50
2016,TOYOTA,YARIS,1.5,4,30,36,32
2016,TOYOTA,YARIS,1.5,4,30,37,33
2016,VOLKSWAGEN,BEETLE,1.8,4,25,34,28
2016,VOLKSWAGEN,BEETLE,1.8,4,25,34,28
2016,VOLKSWAGEN,BEETLE,2.0,4,24,31,27
2016,VOLKSWAGEN,BEETLE,2.0,4,23,31,26
2016,AUDI,S4,3.0,6,18,28,21
2016,AUDI,S4,3.0,6,17,26,20
2016,BENTLEY,CONTINENTAL GT,4.0,8,15,25,19
2016,AUDI,Q5 HYBRID,2.0,4,24,30,26
2016,AUDI,SQ5,3.0,6,17,24,19
2016,BMW,X3 XDRIVE28D,2.0,4,27,34,30
2016,BMW,X3 XDRIVE28I,2.0,4,21,28,24
2016,PORSCHE,BOXSTER S,3.4,6,21,30,24
2016,VOLKSWAGEN,BEETLE DUNE,1.8,4,24,31,27
2016,VOLKSWAGEN,CC,2.0,4,22,31,25
2016,VOLKSWAGEN,CC,2.0,4,21,32,25
2016,MERCEDES-BENZ,METRIS (CARGO VAN),2.0,4,21,24,22
2016,MERCEDES-BENZ,METRIS (PASSENGER VAN),2.0,4,20,23,22
2016,NISSAN,NV200 CARGO VAN,2.0,4,24,26,25
2016,NISSAN,NV200 NYC TAXI,2.0,4,23,26,24
2016,RAM,PROMASTER CITY,2.4,4,21,29,24
2016,LINCOLN,MKT LIVERY AWD,3.7,6,16,23,18
2016,TOYOTA,SIENNA AWD,3.5,6,16,23,19
2016,VOLKSWAGEN,CC 4MOTION,3.6,6,17,25,20
2016,VOLKSWAGEN,GOLF,1.8,4,25,36,29
2016,VOLKSWAGEN,GOLF,1.8,4,25,37,30
2016,VOLKSWAGEN,GOLF R,2.0,4,23,30,25
2016,VOLKSWAGEN,GOLF R,2.0,4,22,31,25
2016,VOLKSWAGEN,GTI,2.0,4,25,33,28
2016,VOLKSWAGEN,GTI,2.0,4,25,34,28
2016,VOLKSWAGEN,JETTA,1.4,4,28,39,32
2016,VOLKSWAGEN,JETTA,1.4,4,28,40,33
2016,VOLKSWAGEN,JETTA,1.8,4,25,36,29
2016,VOLKSWAGEN,JETTA,1.8,4,25,37,29
2016,FIAT,500L,1.4,4,22,30,25
2016,FIAT,500L,1.4,4,25,33,28
2016,HONDA,FIT,1.5,4,33,41,36
2016,HONDA,FIT,1.5,4,32,38,35
2016,HONDA,FIT,1.5,4,29,37,32
2016,INFINITI,QX50,3.7,6,17,24,20
2016,INFINITI,QX50 AWD,3.7,6,17,24,20
2016,KIA MOTORS CORPORATION,SOUL,1.6,4,24,30,26
2016,KIA MOTORS CORPORATION,SOUL,1.6,4,24,30,26
2016,BENTLEY,CONTINENTAL GT,6.0,12,12,21,15
2016,GMC,CANYON CAB CHASSIS 2WD,3.6,6,15,17,16
2016,GMC,K15 SIERRA 4WD CAB CHASSIS,5.3,8,15,19,17
2016,BMW,X3 XDRIVE35I,3.0,6,19,27,22
2016,BMW,X4 M40I,3.0,6,18,25,21
2016,BMW,X4 XDRIVE28I,2.0,4,20,28,23
2016,BMW,X4 XDRIVE35I,3.0,6,19,27,22
2016,BUICK,ENCORE AWD,1.4,4,26,32,29
2016,CHRYSLER,TOWN & COUNTRY,3.6,6,17,25,20
2016,CHRYSLER,TOWN & COUNTRY,3.6,6,17,25,20
2016,DODGE,GRAND CARAVAN,3.6,6,17,25,20
2016,DODGE,GRAND CARAVAN,3.6,6,17,25,20
2016,HONDA,ODYSSEY 2WD,3.5,6,19,28,22
2016,KIA MOTORS CORPORATION,SEDONA,3.3,6,18,24,20
2016,BMW,320I,2.0,4,24,36,28
2016,BMW,320I,2.0,4,23,36,28
2016,BMW,320I XDRIVE,2.0,4,23,35,27
2016,BMW,328D,2.0,4,32,42,36
2016,BMW,328D XDRIVE,2.0,4,30,40,34
2016,BMW,328I,2.0,4,23,35,27
2016,BMW,328I,2.0,4,22,34,26
2016,KIA MOTORS CORPORATION,SEDONA SX,3.3,6,18,25,21
2016,KIA MOTORS CORPORATION,SEDONA SXL,3.3,6,17,22,19
2016,NISSAN,QUEST,3.5,6,20,27,23
2016,TOYOTA,SIENNA,3.5,6,18,25,21
2016,CHEVROLET,TRAX AWD,1.4,4,24,31,27
2016,DODGE,JOURNEY AWD,3.6,6,16,24,19
2016,FIAT,500X AWD,2.4,4,21,30,24
2016,BMW,328I XDRIVE,2.0,4,22,34,26
2016,BMW,340I,3.0,6,22,33,26
2016,BMW,340I,3.0,6,20,30,23
2016,BMW,340I XDRIVE,3.0,6,22,33,26
2016,BMW,340I XDRIVE,3.0,6,20,29,23
2016,BMW,428I COUPE,2.0,4,23,35,27
2016,BMW,428I COUPE,2.0,4,22,34,26
2016,BMW,428I GRAN COUPE,2.0,4,23,34,27
2016,ACURA,MDX 2WD,3.5,6,19,27,22
2016,ACURA,MDX 2WD,3.5,6,20,27,23
2016,ACURA,RDX 2WD,3.5,6,20,29,23
2016,BMW,X3 SDRIVE 28I,2.0,4,21,28,24
2016,BUICK,ENCORE,1.4,4,28,34,30
2016,BUICK,ENCORE,1.4,4,25,33,28
2016,HYUNDAI MOTOR COMPANY,SANTA FE SPORT AWD,2.0,4,18,24,21
2016,FORD,EDGE AWD,2.0,4,20,28,23
2016,FORD,EDGE AWD,2.7,6,17,24,20
2016,FORD,EDGE AWD,3.5,6,17,25,20
2016,FORD,ESCAPE AWD,1.6,4,22,29,25
2016,FORD,ESCAPE AWD,2.0,4,21,28,23
2016,GMC,TERRAIN AWD,2.4,4,20,29,23
2016,PORSCHE,BOXSTER S,3.4,6,20,28,23
2016,PORSCHE,BOXSTER SPYDER,3.8,6,18,24,20
2016,PORSCHE,CAYMAN,2.7,6,22,32,26
2016,PORSCHE,CAYMAN,2.7,6,20,30,24
2016,PORSCHE,CAYMAN GT4,3.8,6,18,23,20
2016,PORSCHE,CAYMAN GTS,3.4,6,22,31,25
2016,PORSCHE,CAYMAN GTS,3.4,6,19,26,22
2016,VOLKSWAGEN,JETTA,2.0,4,24,33,27
2016,VOLKSWAGEN,JETTA,2.0,4,23,33,27
2016,VOLKSWAGEN,JETTA HYBRID,1.4,4,42,48,44
2016,KIA MOTORS CORPORATION,SOUL,2.0,4,24,31,27
2016,JEEP,COMPASS 4X4,2.4,4,20,23,21
2016,GMC,TERRAIN AWD,3.6,6,16,23,18
2016,BUICK,ENCORE AWD,1.4,4,23,30,26
2016,BUICK,ENVISION AWD,2.0,4,20,26,22
2016,CHEVROLET,EQUINOX AWD,2.4,4,20,29,23
2016,HYUNDAI MOTOR COMPANY,SANTA FE SPORT AWD,2.4,4,19,25,21
2016,HYUNDAI MOTOR COMPANY,SANTA FE ULTIMATE AWD,3.3,6,17,22,19
2016,HYUNDAI MOTOR COMPANY,TUCSON AWD,1.6,4,24,28,26
2016,HYUNDAI MOTOR COMPANY,TUCSON AWD,2.0,4,21,26,23
2016,HYUNDAI MOTOR COMPANY,TUCSON ECO AWD,1.6,4,25,31,27
2016,INFINITI,QX60 AWD,3.5,6,19,26,22
2016,INFINITI,QX70 AWD,3.7,6,16,22,18
2016,JEEP,CHEROKEE 4X4,2.4,4,21,28,24
2016,JEEP,CHEROKEE 4X4,2.4,4,21,28,24
2016,JEEP,COMPASS 4X4,2.4,4,22,27,24
2016,CHEVROLET,EQUINOX AWD,2.4,4,20,29,23
2016,CHEVROLET,EQUINOX AWD,3.6,6,16,23,18
2016,KIA MOTORS CORPORATION,SPORTAGE SX AWD,2.0,4,19,25,21
2016,LAND ROVER,DISCOVERY SPORT,2.0,4,20,26,22
2016,LAND ROVER,RANGE ROVER EVOQUE,2.0,4,21,30,24
2016,LEXUS,NX 200T AWD,2.0,4,22,28,24
2016,LEXUS,NX 200T AWD F SPORT,2.0,4,22,27,24
2016,PORSCHE,CAYMAN S,3.4,6,21,30,24
2016,PORSCHE,CAYMAN S,3.4,6,20,28,23
2016,VOLVO,S60 AWD,2.0,4,22,31,25
2016,VOLVO,S60 AWD,2.5,5,20,29,23
2016,VOLVO,S60 AWD,3.0,6,18,27,21
2016,VOLVO,S60 CC AWD,2.5,5,20,28,23
2016,VOLVO,S60 FWD,2.0,4,26,38,30
2016,VOLVO,S60 FWD,2.0,4,23,33,27
2016,VOLVO,S60 INSCRIPTION AWD,2.5,5,20,29,23
2016,VOLVO,S60 INSCRIPTION FWD,2.0,4,25,37,29
2016,BMW,428I XDRIVE COUPE,2.0,4,22,34,26
2016,BMW,428I XDRIVE GRAN COUPE,2.0,4,22,34,26
2016,BMW,435I COUPE,3.0,6,20,31,24
2016,BMW,435I COUPE,3.0,6,20,30,23
2016,JEEP,CHEROKEE 4X4,3.2,6,20,28,23
2016,JEEP,CHEROKEE 4X4 ACTIVE DRIVE II,2.4,4,21,27,23
2016,JEEP,CHEROKEE 4X4 ACTIVE DRIVE II,3.2,6,19,26,22
2016,JEEP,CHEROKEE TRAILHAWK 4X4,2.4,4,19,25,22
2016,JEEP,CHEROKEE TRAILHAWK 4X4,3.2,6,19,26,22
2016,JEEP,COMPASS 4X4,2.4,4,20,26,22
2016,ASTON MARTIN LAGONDA LTD,DB9,5.9,12,13,19,15
2016,ASTON MARTIN LAGONDA LTD,VANQUISH,6.0,12,13,21,16
2016,FERRARI,CALIFORNIA T,3.9,8,16,23,19
2016,BMW,435I GRAN COUPE,3.0,6,20,31,24
2016,BMW,435I XDRIVE COUPE,3.0,6,20,30,23
2016,BMW,435I XDRIVE COUPE,3.0,6,19,28,22
2016,HONDA,CR-V 4WD,2.4,4,25,31,27
2016,HONDA,HR-V 4WD,1.8,4,27,32,29
2016,HONDA,HR-V 4WD,1.8,4,27,32,29
2016,FERRARI,CALIFORNIA T,3.9,8,16,23,18
2016,FIAT,500,1.4,4,24,32,27
2016,JEEP,PATRIOT 4X4,2.4,4,20,26,22
2016,LEXUS,NX 300H AWD,2.5,4,33,30,32
2016,JEEP,PATRIOT 4X4,2.4,4,20,23,21
2016,JEEP,PATRIOT 4X4,2.4,4,22,27,24
2016,JEEP,RENEGADE 4X4,1.4,4,24,31,27
2016,JEEP,RENEGADE 4X4,2.4,4,21,29,24
2016,VOLVO,S60 POLESTAR AWD,3.0,6,18,27,21
2016,ACURA,RLX,3.5,6,28,32,30
2016,ACURA,RLX,3.5,6,20,31,24
2016,AUDI,A6,2.0,4,24,35,28
2016,AUDI,A6 QUATTRO,2.0,4,22,32,26
2016,AUDI,A6 QUATTRO,3.0,6,25,38,30
2016,AUDI,A6 QUATTRO,3.0,6,20,30,24
2016,LINCOLN,MKC  AWD,2.0,4,19,26,22
2016,BMW,435I XDRIVE GRAN COUPE,3.0,6,20,30,23
2016,BMW,640I GRAN COUPE,3.0,6,20,31,24
2016,BMW,640I XDRIVE GRAN COUPE,3.0,6,20,29,23
2016,HONDA,PILOT 4WD,3.5,6,18,26,21
2016,LINCOLN,MKC  AWD,2.3,4,18,26,21
2016,LINCOLN,MKX AWD,2.7,6,17,24,19
2016,LINCOLN,MKX AWD,3.7,6,16,23,19
2016,MAZDA,CX-5 4WD,2.5,4,24,30,26
2016,MERCEDES-BENZ,GLA 250 4MATIC,2.0,4,24,32,27
2016,MERCEDES-BENZ,GLA 250 4MATIC,2.0,4,24,32,27
2016,MERCEDES-BENZ,GLC 300 4MATIC,2.0,4,21,28,24
2016,MITSUBISHI MOTORS CORPORATION,OUTLANDER 4WD,2.4,4,24,29,26
2016,MITSUBISHI MOTORS CORPORATION,OUTLANDER 4WD,3.0,6,20,27,23
2016,LEXUS,RX 350 AWD,3.5,6,19,26,22
2016,PORSCHE,MACAN TURBO,3.6,6,17,23,19
2016,SUBARU,CROSSTREK,2.0,4,26,34,29
2016,SUBARU,CROSSTREK,2.0,4,23,31,26
2016,SUBARU,CROSSTREK HYBRID,2.0,4,30,34,31
2016,SUBARU,FORESTER,2.0,4,23,28,25
2016,JEEP,WRANGLER 4X4,3.6,6,17,21,18
2016,AUDI,A7 QUATTRO,3.0,6,25,38,30
2016,FIAT,500,1.4,4,27,34,30
2016,FIAT,500,1.4,4,28,34,30
2016,FIAT,500,1.4,4,31,40,34
2016,FIAT,500 ABARTH,1.4,4,24,32,27
2016,FIAT,500 ABARTH,1.4,4,28,34,30
2016,MINI,MINI COOPER CONVERTIBLE,1.5,4,27,37,31
2016,MINI,MINI COOPER CONVERTIBLE,1.5,4,27,38,31
2016,AUDI,A7 QUATTRO,3.0,6,20,30,24
2016,HONDA,PILOT 4WD,3.5,6,19,26,22
2016,HYUNDAI MOTOR COMPANY,SANTA FE AWD,3.3,6,18,24,20
2016,VOLVO,XC70 AWD,2.5,5,19,26,22
2016,BMW,650I GRAN COUPE,4.4,8,17,25,20
2016,SUBARU,FORESTER,2.5,4,24,32,27
2016,JEEP,WRANGLER 4X4,3.6,6,17,21,18
2016,MINI,MINI COOPER S CONVERTIBLE,2.0,4,25,34,29
2016,MITSUBISHI MOTORS CORPORATION,OUTLANDER SPORT 4WD,2.0,4,23,29,26
2016,MITSUBISHI MOTORS CORPORATION,OUTLANDER SPORT 4WD,2.4,4,22,27,24
2016,NISSAN,PATHFINDER 4WD,3.5,6,19,26,22
2016,NISSAN,PATHFINDER 4WD PLATINUM,3.5,6,19,26,21
2016,JEEP,WRANGLER UNLIMITED 4X4,3.6,6,16,20,18
2016,NISSAN,ROGUE AWD,2.5,4,25,32,28
2016,PORSCHE,MACAN S,3.0,6,17,23,19
2016,FORD,EXPLORER FWD,2.3,4,19,28,22
2016,AUDI,RS7,4.0,8,15,25,18
2016,JEEP,WRANGLER UNLIMITED 4X4,3.6,6,16,21,18
2016,KIA MOTORS CORPORATION,SORENTO AWD,2.0,4,19,25,22
2016,KIA MOTORS CORPORATION,SORENTO AWD,2.4,4,21,26,23
2016,KIA MOTORS CORPORATION,SORENTO AWD,3.3,6,17,23,19
2016,BMW,X5 SDRIVE35I,3.0,6,18,25,21
2016,BMW,X6 SDRIVE35I,3.0,6,18,25,21
2016,BUICK,ENCLAVE FWD,3.6,6,15,22,18
2016,AUDI,S6,4.0,8,18,27,21
2016,AUDI,S7,4.0,8,17,27,21
2016,AUDI,S8,4.0,8,15,25,19
2016,KIA MOTORS CORPORATION,SORENTO AWD FE,3.3,6,18,26,21
2016,KIA MOTORS CORPORATION,SPORTAGE AWD,2.4,4,19,26,22
2016,LINCOLN,NAVIGATOR L 2WD,3.5,6,15,20,17
2016,MERCEDES-BENZ,GLE 350,3.5,6,18,24,20
2016,TOYOTA,4RUNNER 2WD,4.0,6,17,22,19
2016,TOYOTA,SEQUOIA 2WD,5.7,8,13,17,15
2016,BENTLEY,FLYING SPUR,4.0,8,14,24,17
2016,BENTLEY,FLYING SPUR,6.0,12,12,20,15
2016,BENTLEY,MULSANNE,6.8,8,11,18,13
2016,BMW,528I,2.0,4,23,34,27
2016,FORD,EXPLORER FWD,3.5,6,17,24,20
2016,FORD,FLEX FWD,3.5,6,16,23,19
2016,GMC,ACADIA FWD,3.6,6,15,22,18
2016,GMC,C1500 YUKON 2WD,5.3,8,16,23,18
2016,BMW,650I XDRIVE GRAN COUPE,4.4,8,15,24,18
2016,BMW,ALPINA B6 GRAN COUPE XDRIVE,4.4,8,15,24,18
2016,BMW,M3,3.0,6,17,24,19
2016,SUBARU,FORESTER,2.5,4,22,29,25
2016,SUBARU,OUTBACK,2.5,4,25,33,28
2016,SUBARU,OUTBACK,3.6,6,20,27,22
2016,MINI,MINI COOPER S CONVERTIBLE,2.0,4,23,33,27
2016,VOLVO,XC90 FWD,2.0,4,22,26,24
2016,BMW,X5 M,4.4,8,14,19,16
2016,BMW,X5 XDRIVE 35D,3.0,6,23,30,26
2016,BMW,X5 XDRIVE35I,3.0,6,18,24,20
2016,BMW,X5 XDRIVE50I,4.4,8,15,21,17
2016,BMW,X6 M,4.4,8,14,19,16
2016,BMW,X6 XDRIVE35I,3.0,6,18,24,20
2016,BMW,X6 XDRIVE50I,4.4,8,15,21,17
2016,BUICK,ENCLAVE AWD,3.6,6,15,22,17
2016,CADILLAC,ESCALADE 4WD,6.2,8,15,21,17
2016,CADILLAC,SRX AWD,3.6,6,16,23,18
2016,CHEVROLET,K1500 SUBURBAN 4WD,5.3,8,15,22,18
2016,CHEVROLET,K1500 SUBURBAN 4WD,5.3,8,15,22,18
2016,CADILLAC,ESCALADE 2WD,6.2,8,15,22,17
2016,CADILLAC,SRX,3.6,6,17,24,19
2016,CHEVROLET,C1500 SUBURBAN 2WD,5.3,8,16,23,18
2016,CHEVROLET,C1500 SUBURBAN 2WD,5.3,8,16,23,18
2016,CHEVROLET,C1500 TAHOE 2WD,5.3,8,16,23,18
2016,CHEVROLET,C1500 TAHOE 2WD,5.3,8,16,23,18
2016,BMW,528I XDRIVE,2.0,4,22,34,26
2016,TOYOTA,RAV4 AWD,2.5,4,22,29,25
2016,TOYOTA,RAV4 HYBRID AWD,2.5,4,34,31,33
2016,TOYOTA,RAV4 LIMITED AWD/SE AWD,2.5,4,22,29,25
2016,VOLKSWAGEN,TIGUAN 4MOTION,2.0,4,20,26,23
2016,VOLVO,XC60 AWD,2.0,4,19,27,22
2016,VOLVO,XC60 AWD,2.5,5,19,26,22
2016,VOLVO,XC60 AWD,3.0,6,17,23,20
2016,GMC,K1500 YUKON 4WD,5.3,8,16,22,18
2016,GMC,K1500 YUKON 4WD,6.2,8,15,21,17
2016,GMC,K1500 YUKON XL 4WD,5.3,8,15,22,18
2016,GMC,K1500 YUKON XL 4WD,5.3,8,15,22,18
2016,GMC,K1500 YUKON XL 4WD,6.2,8,14,20,16
2016,GMC,C1500 YUKON 2WD,5.3,8,16,23,18
2016,GMC,C1500 YUKON 2WD,6.2,8,15,22,17
2016,INFINITI,QX60 HYBRID AWD,2.5,4,25,28,26
2016,INFINITI,QX80 4WD,5.6,8,13,19,15
2016,JEEP,GRAND CHEROKEE 4X4,3.0,6,21,28,24
2016,JEEP,GRAND CHEROKEE 4X4,3.6,6,18,25,21
2016,JEEP,GRAND CHEROKEE 4X4,5.7,8,14,22,17
2016,PORSCHE,911 CARRERA,3.4,6,20,28,23
2016,BMW,M3,3.0,6,17,26,20
2016,BMW,535D,3.0,6,26,38,30
2016,BMW,535D XDRIVE,3.0,6,26,37,30
2016,BMW,535I,3.0,6,20,31,24
2016,LAND ROVER,RANGE ROVER SPORT,3.0,6,17,23,19
2016,LAND ROVER,RANGE ROVER SPORT,5.0,8,14,19,16
2016,LAND ROVER,RANGE ROVER SPORT TDV6,3.0,6,22,29,25
2016,LAND ROVER,RANGE ROVER TDV6,3.0,6,22,29,25
2016,CHEVROLET,K1500 TAHOE 4WD,5.3,8,16,22,18
2016,CHEVROLET,K1500 TAHOE 4WD,5.3,8,16,22,18
2016,CHEVROLET,TRAVERSE AWD,3.6,6,15,22,17
2016,DODGE,DURANGO AWD,3.6,6,18,25,21
2016,DODGE,DURANGO AWD,5.7,8,14,22,17
2016,FORD,EXPEDITION 4WD,3.5,6,15,20,17
2016,FORD,EXPEDITION EL 4WD,3.5,6,14,20,16
2016,FORD,EXPLORER AWD,2.3,4,18,26,21
2016,FORD,EXPLORER AWD,3.5,6,16,22,18
2016,FORD,EXPLORER AWD,3.5,6,16,23,19
2016,FORD,EXPLORER FFV AWD,3.5,6,16,23,19
2016,FORD,FLEX AWD,3.5,6,16,22,18
2016,FORD,FLEX AWD,3.5,6,15,21,17
2016,GMC,ACADIA AWD,3.6,6,15,22,17
2016,GMC,K1500 YUKON 4WD,5.3,8,16,22,18
2016,MERCEDES-BENZ,G 550,4.0,8,13,14,13
2016,MERCEDES-BENZ,GL 350 BLUETEC 4MATIC,3.0,6,19,26,22
2016,MERCEDES-BENZ,GL 450 4MATIC,3.0,6,17,21,19
2016,CHEVROLET,TRAVERSE FWD,3.6,6,15,22,18
2016,DODGE,DURANGO RWD,3.6,6,19,27,22
2016,DODGE,DURANGO RWD,5.7,8,14,22,17
2016,FORD,EXPEDITION 2WD,3.5,6,16,22,18
2016,FORD,EXPEDITION EL 2WD,3.5,6,15,21,17
2016,FORD,EXPLORER FFV 2WD,3.5,6,17,24,20
2016,TOYOTA,4RUNNER 4WD,4.0,6,17,21,18
2016,TOYOTA,4RUNNER 4WD,4.0,6,17,21,18
2016,TOYOTA,HIGHLANDER AWD,3.5,6,18,24,20
2016,TOYOTA,HIGHLANDER HYBRID AWD,3.5,6,27,28,28
2016,TOYOTA,HIGHLANDER HYBRID AWD LE PLUS,3.5,6,28,28,28
2016,TOYOTA,LAND CRUISER WAGON 4WD,5.7,8,13,18,15
2016,TOYOTA,SEQUOIA 4WD,5.7,8,13,17,14
2016,TOYOTA,SEQUOIA 4WD FFV,5.7,8,13,17,14
2016,VOLKSWAGEN,TOUAREG,3.0,6,21,29,24
2016,VOLKSWAGEN,TOUAREG,3.6,6,17,23,19
2016,VOLVO,XC90 AWD,2.0,4,20,25,22
2016,VOLVO,XC90 AWD,2.0,4,22,25,23
2016,PORSCHE,911 CARRERA 4S CABRIOLET,3.8,6,18,26,21
2016,PORSCHE,911 CARRERA CABRIOLET,3.4,6,21,28,23
2016,PORSCHE,911 CARRERA CABRIOLET,3.4,6,19,27,22
2016,PORSCHE,911 CARRERA GTS,3.8,6,19,26,21
2016,PORSCHE,911 CARRERA GTS,3.8,6,18,26,21
2016,PORSCHE,911 CARRERA GTS CABRIOLET,3.8,6,19,26,21
2016,PORSCHE,911 CARRERA GTS CABRIOLET,3.8,6,18,25,20
2016,GMC,C1500 YUKON XL 2WD,5.3,8,16,23,18
2016,GMC,C1500 YUKON XL 2WD,5.3,8,16,23,18
2016,GMC,C1500 YUKON XL 2WD,6.2,8,15,22,17
2016,INFINITI,QX60 HYBRID FWD,2.5,4,26,28,26
2016,INFINITI,QX80 2WD,5.6,8,14,20,16
2016,BMW,M4 COUPE,3.0,6,17,24,19
2016,BMW,M4 COUPE,3.0,6,17,26,20
2016,PORSCHE,911 CARRERA,3.4,6,19,27,22
2016,PORSCHE,911 CARRERA 4,3.4,6,20,28,23
2016,PORSCHE,911 CARRERA 4,3.4,6,19,27,22
2016,PORSCHE,911 CARRERA 4 CABRIOLET,3.4,6,20,27,22
2016,PORSCHE,911 CARRERA 4 CABRIOLET,3.4,6,19,26,22
2016,PORSCHE,911 CARRERA 4 GTS,3.8,6,19,26,21
2016,PORSCHE,911 CARRERA 4 GTS,3.8,6,18,26,21
2016,MERCEDES-BENZ,GL 550 4MATIC,4.7,8,13,18,15
2016,JEEP,GRAND CHEROKEE SRT8 4X4,6.4,8,13,19,15
2016,LAND ROVER,LR4,3.0,6,15,19,16
2016,LAND ROVER,RANGE ROVER,3.0,6,17,23,19
2016,LAND ROVER,RANGE ROVER,5.0,8,14,19,16
2016,PORSCHE,911 CARRERA S,3.8,6,20,27,23
2016,PORSCHE,911 CARRERA S,3.8,6,19,27,22
2016,PORSCHE,911 CARRERA S CABRIOLET,3.8,6,19,27,22
2016,BMW,M6 GRAN COUPE,4.4,8,14,20,16
2016,BMW,M6 GRAN COUPE,4.4,8,15,22,17
2016,BUICK,VERANO,2.0,4,21,30,24
2016,BUICK,VERANO,2.0,4,20,31,24
2016,BUICK,VERANO,2.4,4,21,32,25
2016,CADILLAC,ATS,2.0,4,22,31,26
2016,CADILLAC,ATS,2.0,4,20,29,23
2016,CADILLAC,ATS,2.5,4,22,32,26
2016,CADILLAC,ATS,3.6,6,20,30,24
2016,CADILLAC,ATS AWD,2.0,4,22,30,25
2016,CADILLAC,ATS AWD,3.6,6,19,28,22
2016,CADILLAC,ATS-V,3.6,6,16,24,19
2016,CADILLAC,ATS-V,3.6,6,17,23,19
2016,CHEVROLET,CAMARO,2.0,4,22,31,25
2016,LEXUS,GX 460,4.6,8,15,20,17
2016,LEXUS,LX 570,5.7,8,13,18,15
2016,LEXUS,RX 450H AWD,3.5,6,30,28,30
2016,LINCOLN,MKT AWD,3.5,6,15,21,17
2016,LINCOLN,NAVIGATOR 4WD,3.5,6,15,20,17
2016,LINCOLN,NAVIGATOR L 4WD,3.5,6,15,19,16
2016,MERCEDES-BENZ,AMG G 63,5.5,8,12,14,13
2016,MERCEDES-BENZ,AMG G65,6.0,12,11,13,12
2016,MERCEDES-BENZ,AMG GL 63,5.5,8,13,17,14
2016,MERCEDES-BENZ,AMG GLE 63,5.5,8,13,17,15
2016,MERCEDES-BENZ,GLE 300 D 4MATIC,2.1,4,22,29,24
2016,MERCEDES-BENZ,GLE 350 4MATIC,3.5,6,17,22,19
2016,MERCEDES-BENZ,GLE 350 4MATIC,3.5,6,17,22,19
2016,MERCEDES-BENZ,GLE 350 D 4MATIC,3.0,6,23,30,26
2016,MERCEDES-BENZ,GLE 400 4MATIC,3.0,6,18,22,20
2016,LAND ROVER,RANGE ROVER LWB,3.0,6,17,23,19
2016,LAND ROVER,RANGE ROVER LWB,5.0,8,14,19,16
2016,PORSCHE,911 TARGA 4S,3.8,6,18,26,21
2016,PORSCHE,911 TURBO,3.8,6,17,24,20
2016,PORSCHE,911 TURBO CABRIOLET,3.8,6,17,24,20
2016,JEEP,GRAND CHEROKEE 4X2,3.0,6,22,30,25
2016,JEEP,GRAND CHEROKEE 4X2,3.6,6,19,26,22
2016,LINCOLN,MKT FWD,3.7,6,16,24,19
2016,LINCOLN,NAVIGATOR 2WD,3.5,6,16,22,18
2016,MERCEDES-BENZ,GLE 450 AMG (COUPE),3.0,6,17,23,20
2016,PORSCHE,CAYENNE,3.6,6,19,24,21
2016,PORSCHE,911 CARRERA S CABRIOLET,3.8,6,19,27,22
2016,PORSCHE,911 TARGA 4,3.4,6,19,26,22
2016,PORSCHE,911 TARGA 4,3.4,6,18,26,21
2016,PORSCHE,911 TARGA 4 GTS,3.8,6,18,25,21
2016,PORSCHE,911 TARGA 4 GTS,3.8,6,18,26,21
2016,PORSCHE,911 TARGA 4S,3.8,6,18,25,21
2016,CHEVROLET,CAMARO,6.2,8,17,28,20
2016,CHEVROLET,CAMARO,6.2,8,16,25,19
2016,CHEVROLET,CRUZE,1.4,4,30,42,35
2016,CHEVROLET,CRUZE,1.4,4,29,41,33
2016,CHEVROLET,CRUZE PREMIER,1.4,4,30,40,34
2016,CHEVROLET,SONIC,1.4,4,27,37,31
2016,CHEVROLET,SONIC,1.4,4,29,40,33
2016,MERCEDES-BENZ,AMG GLE 63 S,5.5,8,13,17,15
2016,MERCEDES-BENZ,AMG GLE 63 S (COUPE),5.5,8,14,18,15
2016,PORSCHE,CAYENNE DIESEL,3.0,6,20,29,23
2016,PORSCHE,CAYENNE GTS,3.6,6,16,23,19
2016,PORSCHE,CAYENNE S,3.6,6,17,24,20
2016,PORSCHE,CAYENNE TURBO,4.8,8,14,21,17
2016,PORSCHE,CAYENNE TURBO S,4.8,8,14,21,17
2016,PORSCHE,911 TURBO S,3.8,6,17,24,20
2016,PORSCHE,911 TURBO S CABRIOLET,3.8,6,17,24,20
2016,SCION,FR-S,2.0,4,25,34,28
2016,SCION,FR-S,2.0,4,22,30,25
2016,SUBARU,BRZ,2.0,4,25,34,28
2016,SUBARU,BRZ,2.0,4,22,30,25
2016,ASTON MARTIN LAGONDA LTD,RAPIDE S,6.0,12,14,22,17
2016,AUDI,A3,1.8,4,23,33,27
2016,AUDI,A3 CABRIOLET,1.8,4,24,35,28
2016,AUDI,A3 CABRIOLET QUATTRO,2.0,4,23,32,26
2016,PORSCHE,911 CARRERA 4 GTS CABRIOLET,3.8,6,18,25,21
2016,PORSCHE,911 CARRERA 4 GTS CABRIOLET,3.8,6,18,25,20
2016,PORSCHE,911 CARRERA 4S,3.8,6,19,26,22
2016,PORSCHE,911 CARRERA 4S,3.8,6,19,26,21
2016,PORSCHE,911 CARRERA 4S CABRIOLET,3.8,6,19,26,21
2016,CHEVROLET,CAMARO,2.0,4,21,30,24
2016,CHEVROLET,CAMARO,3.6,6,19,28,23
2016,CHEVROLET,CAMARO,3.6,6,18,27,21
2016,AUDI,A3 QUATTRO,2.0,4,24,33,27
2016,AUDI,A5 CABRIOLET QUATTRO,2.0,4,21,29,24
2016,AUDI,A5 QUATTRO,2.0,4,21,30,25
2016,AUDI,A5 QUATTRO,2.0,4,22,32,26
2016,AUDI,S3,2.0,4,23,31,26
2016,AUDI,S5,3.0,6,18,28,21
2016,AUDI,S5,3.0,6,17,26,20
2016,AUDI,S5 CABRIOLET,3.0,6,18,26,21
2016,AUDI,TT COUPE QUATTRO,2.0,4,23,30,26
2016,AUDI,TTS COUPE,2.0,4,23,27,25
